id,consultee_firstname,consultee_lastname,appointment_date,gender,location_lat,location_long,consultant
1,Val,Shinton,10/23/2024,Male,-7.347756,108.8818859,Val Shinton
2,Hannie,Ickovitz,10/13/2024,Female,54.62514,100.123642,Hannie Ickovitz
3,Alecia,Chevins,10/5/2024,Female,45.3044566,-73.8746233,Alecia Chevins
4,Gabbi,Greenin,10/12/2024,Agender,52.6806269,20.6620485,Gabbi Greenin
5,Alphonse,Bourke,10/18/2024,Male,37.28333,21.81667,Alphonse Bourke
6,Vinni,Hasloch,10/23/2024,Bigender,45.6910361,20.5792392,Vinni Hasloch
7,Lynn,Senyard,10/9/2024,Male,48.2521582,25.1973796,Lynn Senyard
8,Sheff,Pierucci,10/13/2024,Genderqueer,-3.185681,104.0362587,Sheff Pierucci
9,Jacenta,Ioannou,10/6/2024,Female,42.021602,121.670273,Jacenta Ioannou
10,Amery,Face,10/26/2024,Male,48.116045,36.3725301,Amery Face
11,Faulkner,Bearham,10/29/2024,Male,37.540419,120.787999,Faulkner Bearham
12,Cathryn,Davidovic,10/7/2024,Female,-12.8955513,-38.6779363,Cathryn Davidovic
13,Massimiliano,Aikin,10/20/2024,Male,39.577106,117.120033,Massimiliano Aikin
14,Florinda,Ortell,10/7/2024,Female,27.646686,116.695522,Florinda Ortell
15,Cirstoforo,Carletti,10/18/2024,Male,38.7360496,-9.1418159,Cirstoforo Carletti
16,Coral,Bough,10/19/2024,Female,4.3202706,21.1861342,Coral Bough
17,Jermaine,Golton,10/4/2024,Male,25.324458,108.000485,Jermaine Golton
18,Jaye,Saket,10/22/2024,Male,15.38447,-61.344385,Jaye Saket
19,Amerigo,Simonett,10/11/2024,Male,8.1601168,-71.1448516,Amerigo Simonett
20,Sawyer,Millimoe,10/2/2024,Male,27.928835,101.280205,Sawyer Millimoe
21,Douglas,Scholtis,10/16/2024,Male,32.035776,35.038365,Douglas Scholtis
22,Lavina,Springthorpe,10/23/2024,Female,-34.5875578,-58.6433296,Lavina Springthorpe
23,Drew,Southerns,10/14/2024,Male,36.164846,-115.155709,Drew Southerns
24,Ginnie,Jane,10/18/2024,Female,38.6015735,-9.1396466,Ginnie Jane
25,Al,Mathwen,10/3/2024,Male,-7.3434492,112.6764786,Al Mathwen
26,Harriot,Tweed,10/22/2024,Female,-7.2723024,112.7837381,Harriot Tweed
27,Zea,Molian,10/22/2024,Female,46.1168407,39.3008199,Zea Molian
28,Brent,Hedger,10/14/2024,Genderqueer,-23.611227,-46.668872,Brent Hedger
29,Marlane,L' Estrange,10/29/2024,Female,29.9338311,-9.351354,Marlane L' Estrange
30,Oona,Gannon,10/8/2024,Agender,30.943659,120.934925,Oona Gannon
31,Adam,Saddleton,10/20/2024,Polygender,-6.3855073,106.0155278,Adam Saddleton
32,Brien,Knutton,10/21/2024,Male,6.8740602,-74.9910112,Brien Knutton
33,Francklin,Tinniswood,10/21/2024,Male,54.0542238,-2.0215836,Francklin Tinniswood
34,Charity,Conlaund,10/30/2024,Female,52.6551,85.09858,Charity Conlaund
35,Mellie,Gratten,10/2/2024,Female,-6.5096059,108.4543113,Mellie Gratten
36,Feliks,Stoeck,10/26/2024,Male,36.9549975,65.1254488,Feliks Stoeck
37,Kenn,Keig,10/23/2024,Male,-7.0773806,108.6472527,Kenn Keig
38,Harwell,Tiltman,10/22/2024,Male,49.275632,13.8214707,Harwell Tiltman
39,Freida,Grishkov,10/27/2024,Genderfluid,-8.7290069,120.409835,Freida Grishkov
40,Levon,Maskrey,10/5/2024,Male,33.8512937,-4.8676221,Levon Maskrey
41,Sula,Crapper,10/23/2024,Female,30.1444208,121.4305273,Sula Crapper
42,Irvine,Revel,10/9/2024,Male,-9.7918763,119.9393608,Irvine Revel
43,Odetta,Stranio,10/27/2024,Female,57.6581553,12.1171659,Odetta Stranio
44,Sunny,Dennehy,10/5/2024,Male,49.8545281,18.6057328,Sunny Dennehy
45,Jerald,Dunkerly,10/18/2024,Male,32.0188765,35.881947,Jerald Dunkerly
46,Horatia,Shadbolt,10/7/2024,Female,30.921396,112.444197,Horatia Shadbolt
47,Leonardo,Wogdon,10/15/2024,Non-binary,41.326318,109.327018,Leonardo Wogdon
48,Lee,O'Hogertie,10/16/2024,Male,32.4626078,50.1292303,Lee O'Hogertie
49,Staffard,Jarmyn,10/3/2024,Male,-6.9826515,111.431315,Staffard Jarmyn
50,Cleveland,Piggford,10/4/2024,Male,41.6088994,-8.7234712,Cleveland Piggford
51,Dolph,Toft,10/1/2024,Agender,36.0821986,139.7249685,Dolph Toft
52,Dix,Pancoust,10/19/2024,Female,-37.6097143,-73.6483294,Dix Pancoust
53,Eleanora,Gaffney,10/2/2024,Female,59.3120256,10.4562219,Eleanora Gaffney
54,Pebrook,Edmott,10/10/2024,Male,46.8464389,106.215698,Pebrook Edmott
55,Lisbeth,Egger,10/21/2024,Female,46.524052,41.5008684,Lisbeth Egger
56,Jessee,Have,10/28/2024,Male,-6.9209,113.8478,Jessee Have
57,Rodi,Featherby,10/7/2024,Female,28.0093247,120.6569721,Rodi Featherby
58,Fredric,L'oiseau,10/21/2024,Genderfluid,3.5233855,125.5110513,Fredric L'oiseau
59,Lukas,Stookes,10/25/2024,Male,9.14586,-74.2932,Lukas Stookes
60,Elora,Pezey,10/12/2024,Female,16.6078107,101.9291015,Elora Pezey
61,Baily,Woolner,10/25/2024,Male,23.7426988,-99.1054986,Baily Woolner
62,Rawley,Jachtym,10/24/2024,Male,-2.6077503,29.7368128,Rawley Jachtym
63,Den,Crewther,10/29/2024,Male,8.046425,124.933677,Den Crewther
64,Kirsti,Gillani,10/16/2024,Female,7.0063409,-7.4868283,Kirsti Gillani
65,Vickie,Walbrun,10/12/2024,Female,13.9142931,-87.921223,Vickie Walbrun
66,Edeline,Lavin,10/9/2024,Female,4.8413815,-72.9899505,Edeline Lavin
67,Lynn,Pasquale,10/9/2024,Female,53.4017676,19.5713895,Lynn Pasquale
68,Cherianne,McAndrew,10/8/2024,Female,22.551367,114.088418,Cherianne McAndrew
69,Alfy,Jinkin,10/23/2024,Male,40.8148532,-8.4821897,Alfy Jinkin
70,Vinny,Gleasane,10/12/2024,Female,34.1680953,132.1831963,Vinny Gleasane
71,Grace,Snepp,10/2/2024,Male,-8.416667,-77.45,Grace Snepp
72,Lawton,Micheu,10/13/2024,Male,40.9357866,20.2899237,Lawton Micheu
73,Kori,Slyman,10/4/2024,Female,37.4212157,-5.9251211,Kori Slyman
74,Laney,Filintsev,10/15/2024,Male,50.0296342,16.6005976,Laney Filintsev
75,Reba,Persence,10/23/2024,Female,39.8786639,-104.6821048,Reba Persence
76,Sylvester,Coxwell,10/29/2024,Male,33.9850358,51.4099625,Sylvester Coxwell
77,Jasen,O'Sheils,10/30/2024,Male,14.42099,47.195011,Jasen O'Sheils
78,Leigha,Shieber,10/7/2024,Female,50.0099822,17.0336959,Leigha Shieber
79,Luis,O'Doherty,10/4/2024,Male,48.9097908,2.7104352,Luis O'Doherty
80,Fulton,Barracks,10/5/2024,Male,63.4388688,10.4232348,Fulton Barracks
81,Ulla,McGeoch,10/24/2024,Female,37.5599805,127.0051893,Ulla McGeoch
82,Lana,Gonnin,10/15/2024,Female,-8.12938,112.320999,Lana Gonnin
83,Frankie,Habens,10/27/2024,Female,14.5665378,121.1092186,Frankie Habens
84,Sharia,Bereford,10/15/2024,Female,53.1137898,19.0552497,Sharia Bereford
85,Dalt,Tonna,10/11/2024,Male,42.0480121,-8.3359459,Dalt Tonna
86,Cart,Boraston,10/2/2024,Male,31.719806,112.257788,Cart Boraston
87,Mariquilla,Winckles,10/14/2024,Female,56.7458379,24.4061069,Mariquilla Winckles
88,Kendall,Sanpher,10/5/2024,Male,34.728584,112.132488,Kendall Sanpher
89,Dorie,Baistow,10/26/2024,Genderfluid,7.780305,125.011558,Dorie Baistow
90,Tori,Blanden,10/5/2024,Female,18.8107813,-71.2227043,Tori Blanden
91,Jude,Pollak,10/18/2024,Male,-7.617735,112.4172256,Jude Pollak
92,Quintina,Lauthian,10/9/2024,Female,-32.485681,-58.269543,Quintina Lauthian
93,Coop,Horsburgh,10/4/2024,Bigender,57.855421,11.8951003,Coop Horsburgh
94,Kassi,Paish,10/28/2024,Female,24.2864848,90.1869644,Kassi Paish
95,Conn,Naulty,10/19/2024,Male,37.7542627,-25.6421124,Conn Naulty
96,Gareth,Whymark,10/4/2024,Male,57.5002589,12.7091837,Gareth Whymark
97,Gerard,Hendrickx,10/19/2024,Male,8.1113884,123.8961588,Gerard Hendrickx
98,Dulce,Rutherforth,10/28/2024,Female,7.3293411,100.3385624,Dulce Rutherforth
99,Kristyn,Slowan,10/18/2024,Female,58.695946,11.2533509,Kristyn Slowan
100,Wilbert,Darkin,10/24/2024,Bigender,-8.3841,123.2415,Wilbert Darkin
